Athlete Name,Activity Name,Type,Distance (Miles),Moving Time,Elapsed Time,Elevation Gain (m),Activity ID
Rafael R.,Night Walk,Walk,1.11,00:21:06,00:23:27,10.8,
Kayley D.,Walk to dinner,Walk,0.46,00:09:41,00:11:11,25.2,
Jason S.,Afternoon Walk,Walk,2.08,00:34:41,00:36:25,12.7,
Jason S.,Afternoon Walk,Walk,1.68,00:29:01,00:38:01,41.4,
Rafael R.,Evening Run,Run,6.74,01:27:33,01:27:33,0.0,
Jason S.,Afternoon Walk,Walk,0.9,00:17:32,00:25:37,0.0,
Rafael R.,Evening Walk,Walk,1.24,00:28:57,00:45:28,25.4,
stephanie O.,Afternoon Walk,Walk,0.53,00:09:19,00:09:19,9.9,
Brent M.,Pokemon Go without the Pokemon,Run,2.21,00:36:53,00:36:53,0.0,
Jason S.,Lunch Walk,Walk,0.76,00:14:04,00:14:25,2.6,
Jason S.,Lunch Walk,Walk,0.7,00:13:26,00:17:48,0.0,
Coffee Papi ☕.,First Long Run of the Summer 👹,Run,8.0,01:14:58,01:15:23,18.4,
Jason S.,Night Walk,Walk,0.49,00:09:02,00:11:04,2.9,
Jason S.,Evening Walk,Walk,1.31,00:20:23,00:40:17,35.4,
Jason S.,Evening Walk,Walk,1.45,00:29:41,00:32:00,0.0,
Rachel T.,Afternoon Walk,Walk,0.12,00:02:29,00:08:20,0.0,
Rachel T.,Afternoon Walk,Walk,0.18,00:04:11,00:06:50,9.6,
Jason S.,Morning Walk,Walk,0.63,00:08:27,00:26:17,44.8,
Jason S.,Morning Walk,Walk,0.91,00:16:19,00:17:00,2.6,
Kayley D.,Walk to matcha 🍵,Walk,0.49,00:08:53,00:09:12,3.7,
Manasa V.,Coffee walk,Walk,1.08,00:21:21,00:26:55,3.8,
Anna W.,post soul,Walk,0.59,00:10:47,00:11:58,2.0,
Anna W.,OTW to soul!!,Walk,0.54,00:09:35,00:10:05,10.2,
Rachel T.,Morning Walk,Walk,0.01,00:13:13,00:13:13,0.0,
Jason S.,Night Walk,Walk,0.39,00:08:17,00:09:23,5.2,
Rafael R.,Night Walk,Walk,0.59,00:13:15,00:37:57,10.4,
stephanie O.,Evening Run,Run,4.01,00:38:19,00:38:19,0.0,
Jason S.,Evening Walk,Walk,0.46,00:09:02,00:13:05,0.0,
stephanie O.,Evening Walk,Walk,1.95,00:38:40,00:44:40,7.1,
Rafael R.,Evening Walk,Walk,0.91,00:14:45,00:15:03,5.8,
Rafael R.,Evening Run,Run,4.0,00:51:55,00:51:55,0.0,
Manasa V.,Walk to Pilates,Walk,0.43,00:08:33,00:47:11,0.0,
Manasa V.,Evening Walk,Walk,0.13,00:02:34,00:04:02,0.0,
Brent M.,Pogo Stick 4K,Run,2.2,00:37:49,00:37:49,0.0,
Anna W.,Afternoon Walk,Walk,0.84,00:13:14,00:19:15,14.3,
Manasa V.,Afternoon Walk,Walk,4.41,00:56:55,04:23:30,60.0,
Rachel T.,Evening Walk,Walk,1.01,00:26:21,00:36:14,11.0,
Rachel T.,Evening Walk,Walk,0.4,00:09:49,00:18:05,12.4,
Rachel T.,Afternoon Walk,Walk,0.97,00:18:38,00:25:30,9.8,
Rachel T.,Afternoon Walk,Walk,1.2,00:25:28,00:30:42,8.0,
Rachel T.,Afternoon Walk,Walk,0.75,00:14:43,00:21:36,8.6,
Coffee Papi ☕.,Morning CrossFit,Run,2.77,00:21:45,00:49:34,0.0,
Rachel T.,Lunch Walk,Walk,0.85,00:18:02,00:19:24,4.4,
Rachel T.,Morning Walk,Walk,1.76,00:35:24,00:41:01,15.6,
Rachel T.,Morning Walk,Walk,1.16,00:26:21,00:58:16,0.0,
Jason S.,Evening Walk,Walk,0.65,00:13:05,00:17:35,6.7,
Jason S.,Evening Walk,Walk,0.5,00:13:50,00:45:29,0.0,
Anna W.,Evening Walk,Walk,0.47,00:09:25,00:11:12,8.0,
Rafael R.,Evening Walk,Walk,0.6,00:41:32,00:41:32,0.0,
Rafael R.,Evening Run,Run,5.5,01:05:08,01:05:08,0.0,
Anna W.,Evening Walk,Walk,0.39,00:08:20,00:10:56,2.2,
Brent M.,Afternoon Run,Run,1.99,00:36:10,00:36:10,0.0,
Corey C.,Afternoon Walk,Walk,0.0,00:18:59,00:18:59,0.0,
Kayley D.,Lunch walk,Walk,0.51,00:07:42,00:19:35,6.9,
Rachel T.,Evening Walk,Walk,0.4,00:09:19,00:10:43,3.0,
Corey C.,Afternoon Walk,Walk,0.0,00:13:59,00:13:59,0.0,
Anna W.,Lunch Walk,Walk,1.75,00:27:42,00:51:37,16.8,
stephanie O.,Morning Run,Run,2.5,00:23:30,00:33:30,48.5,
Rachel T.,Afternoon Walk,Walk,0.97,00:19:36,00:25:40,6.0,
Coffee Papi ☕.,EZ 4,Run,4.0,00:41:18,00:41:28,12.9,
Rafael R.,Morning Walk,Walk,0.81,00:17:38,00:48:02,12.8,
Allison D.,Walk,Walk,1.9,00:30:30,00:30:30,0.0,
Manasa V.,Walk to bus,Walk,0.18,00:04:05,00:04:48,0.0,
steph W.,Afternoon Run,Run,1.24,00:12:54,00:19:10,5.2,
Jason S.,Morning Walk,Walk,0.75,00:15:29,00:15:29,2.6,
Jason S.,Morning Walk,Walk,0.69,00:14:25,00:18:07,40.4,
Corey C.,Afternoon Walk,Walk,0.0,00:25:59,00:25:59,0.0,
steph W.,Afternoon Walk,Walk,1.01,00:19:16,00:25:58,8.1,
Anna W.,Lunch Walk,Walk,0.51,00:09:38,00:10:13,3.4,
Anna W.,Walk from our apartment to the west side!,Walk,1.75,00:31:38,00:31:53,30.8,
Kayley D.,Mini walk lol,Walk,0.19,00:05:32,00:06:22,4.6,
Coffee Papi ☕.,Tempo Track Work: 3 Miles [7:50 - 8:05],Run,3.0,00:23:31,00:24:35,0.0,
Coffee Papi ☕.,Track Warmup,Run,1.5,00:13:03,00:14:59,0.0,
Kayley D.,Breakfast walk,Walk,0.82,00:19:35,00:19:50,10.0,
Rafael R.,Night Walk,Walk,0.6,00:12:12,00:30:01,5.2,
Jason S.,Evening Walk,Walk,0.94,00:19:22,00:44:40,6.0,
steph W.,Afternoon Walk,Walk,1.12,00:21:23,00:21:23,13.6,
Kayley D.,Walk to dinner,Walk,1.07,00:24:29,00:36:23,10.6,
Manasa V.,Evening Walk,Walk,0.3,00:07:48,00:15:50,0.0,
Allison D.,Walk,Walk,2.5,00:43:00,00:43:00,0.0,
Corey C.,Afternoon Walk,Walk,0.0,00:26:59,00:26:59,0.0,
Corey C.,Afternoon Walk,Walk,0.0,00:16:59,00:16:59,0.0,
Allison D.,Walk,Walk,1.2,00:20:00,00:20:00,0.0,
stephanie O.,Afternoon Run,Run,3.05,00:27:21,00:31:44,32.7,
JOHANNA R.,Morning Walk,Walk,0.45,00:25:25,00:25:25,0.0,
JOHANNA R.,Morning Walk,Walk,0.78,00:20:11,00:24:05,12.6,
Allison D.,Morning Walk,Walk,1.97,00:31:36,00:31:36,20.0,
Rafael R.,Night Run,Run,6.22,01:29:26,01:30:11,15.6,
Kayley D.,Walk home from dinner,Walk,1.0,00:24:22,00:29:10,0.0,
stephanie O.,Evening Walk,Walk,1.0,00:17:42,00:19:11,63.4,
stephanie O.,Evening Run,Run,1.05,00:09:12,00:10:13,0.0,
Megan P.,Morning Walk,Walk,0.45,00:11:08,00:16:59,56.2,
Megan P.,Morning Walk,Walk,0.43,00:09:53,00:17:14,36.0,
Megan P.,Evening Walk,Walk,0.83,00:19:17,00:21:20,45.2,
Megan P.,Evening Walk,Walk,0.7,00:15:56,00:23:53,59.8,
Megan P.,Afternoon Walk,Walk,1.74,00:37:57,00:58:50,119.6,
Megan P.,Afternoon Walk,Walk,0.37,00:08:34,00:11:42,3.2,
Megan P.,Night Walk,Walk,0.33,00:08:21,00:37:22,28.4,
Megan P.,Afternoon Walk,Walk,0.52,00:13:57,01:37:02,66.0,
Megan P.,Morning Walk,Walk,1.35,00:27:35,00:31:42,76.6,
Megan P.,Evening Walk,Walk,0.43,00:09:37,00:38:07,43.4,
Megan P.,Evening Walk,Walk,0.28,00:06:19,00:30:27,14.0,
Megan P.,Afternoon Walk,Walk,0.24,00:07:28,00:14:20,2.2,
Megan P.,Morning Walk,Walk,0.29,00:05:59,00:34:46,7.8,
Megan P.,Evening Walk,Walk,0.56,00:12:39,00:23:24,8.4,
Megan P.,Afternoon Walk,Walk,0.61,00:14:55,00:16:17,25.2,
Megan P.,Morning Walk,Walk,3.02,01:03:03,01:12:10,114.2,
Anna W.,Stretchin the legs,Walk,1.01,00:16:15,00:22:25,13.3,
james M.,Evening Walk,Walk,2.18,01:01:26,01:06:00,9.7,
james M.,Morning Run,Run,3.0,00:27:12,00:29:22,14.0,
james M.,Evening Walk,Walk,1.46,00:43:37,00:47:08,6.6,
james M.,Evening Run,Run,4.56,00:40:36,00:45:27,16.8,
james M.,Evening Walk,Walk,1.2,00:31:22,00:34:39,4.8,
james M.,Evening Run,Run,4.27,00:36:26,00:38:25,14.5,
Gabriel C.,Morning Walk,Walk,0.12,00:11:13,00:11:13,0.0,
Gabriel C.,Morning Walk,Walk,0.54,00:20:39,00:20:39,0.0,
Gabriel C.,Morning Walk,Walk,0.18,00:10:59,00:10:59,0.0,
Gabriel C.,Morning Walk,Walk,0.03,00:38:16,00:38:16,0.0,
Gabriel C.,Afternoon Walk,Walk,0.04,00:01:11,00:01:11,0.0,
Gabriel C.,Afternoon Walk,Walk,0.12,00:04:49,00:04:49,0.0,
Gabriel C.,Afternoon Walk,Walk,0.1,00:03:02,00:03:02,0.0,
Gabriel C.,Lunch Walk,Walk,0.65,00:21:03,00:21:03,0.0,
Gabriel C.,Evening Walk,Walk,0.52,00:12:43,00:31:00,0.0,
Gabriel C.,Afternoon Walk,Walk,0.18,00:03:37,00:03:37,0.0,
Gabriel C.,Afternoon Walk,Walk,0.16,00:03:45,00:03:45,0.0,
Gabriel C.,Afternoon Walk,Walk,0.1,00:04:01,00:04:01,0.0,
Gabriel C.,Afternoon Walk,Walk,0.4,00:06:48,00:06:48,0.0,
Gabriel C.,Lunch Walk,Walk,0.04,00:05:34,00:05:34,0.0,
Gabriel C.,Lunch Walk,Walk,0.05,00:05:31,00:05:31,0.0,
Gabriel C.,Morning Walk,Walk,0.56,00:20:53,00:20:53,0.0,
Gabriel C.,Lunch Walk,Walk,0.07,00:02:33,00:02:33,0.0,
Gabriel C.,Lunch Walk,Walk,0.56,00:14:44,00:20:08,7.8,
Gabriel C.,Morning Walk,Walk,0.25,00:05:07,00:08:12,0.0,
Gabriel C.,Evening Walk,Walk,0.64,00:18:05,00:25:40,38.6,
Gabriel C.,Afternoon Walk,Walk,0.89,00:23:05,00:37:44,7.8,
Gabriel C.,Morning Walk,Walk,0.54,00:16:10,00:23:23,21.4,
Kayley D.,Thought this was going to be longer 🚶‍♀️,Walk,0.32,00:07:07,00:08:50,6.0,
Brent M.,Running from the Cops: Easy Mode (LAPD) 🏃🏻‍♂️💨🚓,Run,4.3,00:42:12,00:42:12,0.0,
Tayler M.,Evening Walk,Walk,1.37,00:30:00,00:30:00,0.0,
Tayler M.,Evening Walk,Walk,0.35,00:06:00,00:06:00,0.0,
Anna W.,Coffee walk,Walk,1.34,00:23:36,00:26:21,12.8,
Gabriel C.,Afternoon Walk,Walk,0.04,00:03:01,00:03:01,0.0,
Anna W.,post dinner walk,Walk,1.98,00:38:01,00:39:58,24.7,
Kayley D.,Dinner walk,Walk,1.29,00:28:27,00:35:13,27.8,
Gabriel C.,Afternoon Walk,Walk,0.58,00:14:02,00:14:02,0.0,
Rafael R.,Evening Walk,Walk,0.49,00:11:47,00:18:03,0.0,
Corey C.,good evening runss,Run,4.48,00:41:01,00:48:46,38.7,
Megan P.,Evening Walk,Walk,0.9,00:19:38,00:41:28,142.4,
Gabriel C.,Afternoon Walk,Walk,0.15,00:13:36,00:13:36,0.0,
Allison D.,Evening Walk,Walk,1.36,00:27:16,00:28:47,21.6,
JOHANNA R.,Afternoon Walk,Walk,0.82,00:19:09,01:38:26,4.2,
james M.,Afternoon Walk,Walk,0.8,00:18:29,00:18:45,0.0,
Jason S.,Afternoon Walk,Walk,0.96,00:18:39,00:23:09,0.0,
Jason S.,Afternoon Walk,Walk,1.18,00:20:47,00:23:59,4.3,
Tayler M.,Evening Walk,Walk,0.46,00:07:24,00:08:29,0.0,
james M.,Lunch Run,Run,5.01,00:44:37,00:49:02,18.8,
Kayley D.,Back from dinnerrr,Walk,0.7,00:15:14,00:15:30,0.0,
Megan P.,Night walk,Walk,2.3,00:46:07,00:46:07,0.0,
Rafael R.,Evening Walk,Walk,3.18,00:58:57,01:04:09,10.4,
Gabriel C.,Afternoon Walk,Walk,2.25,00:50:35,00:50:35,0.0,
Gabriel C.,Morning Walk,Walk,0.59,00:15:46,00:15:46,0.0,
Brent M.,Loitering at Trader Joe’s 🏴‍☠️🌺🦜,Run,3.75,00:45:42,00:45:42,0.0,
Gabriel C.,Morning Walk,Walk,0.09,00:04:26,00:04:26,0.0,
JOHANNA R.,Morning Walk,Walk,0.59,00:14:24,00:51:04,0.0,
Tayler M.,Lunch Walk,Walk,0.48,00:08:53,00:12:12,2.8,
Tayler M.,Morning Walk,Walk,0.47,00:06:04,00:06:44,0.0,
Tayler M.,Morning Walk,Walk,0.71,00:09:21,00:09:21,0.0,
Tayler M.,Nike Run Club: Tuesday Morning Run,Run,3.55,00:34:13,00:34:34,31.0,
Gabriel C.,Night Walk,Walk,0.11,00:05:26,00:05:26,0.0,
james M.,Evening Walk,Walk,1.32,00:31:40,00:32:08,6.6,
Gabriel C.,Evening Walk,Walk,0.04,00:01:11,00:01:11,0.0,
JOHANNA R.,Afternoon Walk,Walk,0.87,00:32:08,00:32:08,0.0,
Gabriel C.,Evening Walk,Walk,0.78,00:18:12,00:39:35,3.4,
Brent M.,A Super Short and Fast Evening Stroll,Walk,3.19,00:58:03,01:03:59,24.1,
Rafael R.,Night Walk,Walk,0.54,00:21:23,00:21:23,0.0,
Megan P.,Evening Walk,Walk,0.43,00:09:55,00:12:11,20.4,
Rafael R.,Evening Run,Run,6.31,01:23:03,01:23:03,0.0,
james M.,Afternoon Walk,Walk,0.63,00:14:27,00:14:44,4.3,
Megan P.,Evening Walk,Walk,0.41,00:08:47,00:08:47,29.4,
james M.,Afternoon Run,Run,4.01,00:34:27,00:37:37,12.2,
Rafael R.,Night Walk,Walk,1.16,00:25:31,01:27:00,16.8,
Gabriel C.,Afternoon Walk,Walk,1.09,00:32:41,00:32:41,0.0,
Gabriel C.,Afternoon Walk,Walk,0.02,00:05:17,00:05:17,0.0,
Gabriel C.,Afternoon Walk,Walk,0.26,00:28:30,00:28:30,0.0,
Rachel T.,Afternoon Walk,Walk,0.42,00:09:16,00:24:10,3.6,
Tayler M.,Morning Walk,Walk,0.48,00:07:40,00:07:40,0.0,
Tayler M.,Morning Walk,Walk,0.51,00:08:40,00:09:13,0.0,
Tayler M.,Morning Walk,Walk,0.68,00:15:00,00:15:00,0.0,
Anna W.,Morning Walk,Walk,0.54,00:09:22,00:09:46,0.0,
Allison D.,Morning Walk,Walk,1.84,00:30:03,00:30:03,17.5,
Megan P.,Morning Walk,Walk,0.35,00:07:11,00:31:47,5.0,
JOHANNA R.,Morning Walk,Walk,0.47,00:26:55,00:26:55,0.0,
JOHANNA R.,Morning Walk,Walk,0.7,00:17:00,00:17:00,0.0,
Anna W.,walk to soul!!,Walk,0.52,00:08:53,00:08:53,11.4,
Coffee Papi ☕.,EZ 5,Run,5.01,00:50:50,01:01:45,11.3,
Jason S.,Morning Walk,Walk,0.76,00:16:10,00:21:44,2.6,
Jason S.,Morning Walk,Walk,0.77,00:17:22,00:22:06,7.6,
Brent M.,Training to run from the explosive diarrhea parasite,Run,4.5,00:58:03,00:58:03,0.0,
stephanie O.,Morning Run,Run,6.05,00:54:53,01:02:14,66.2,
Megan P.,Afternoon Walk,Walk,0.53,00:12:10,00:16:25,58.8,
Gabriel C.,Morning Walk,Walk,0.6,00:17:45,00:17:45,0.0,
Megan P.,Afternoon Walk,Walk,0.46,00:10:12,00:29:20,10.2,
Gabriel C.,Afternoon Walk,Walk,0.23,00:04:08,00:04:08,0.0,
Gabriel C.,Afternoon Walk,Walk,0.29,00:03:34,00:04:16,0.0,
Allison D.,Evening walk forgot to log oopsie,Walk,1.7,00:38:00,00:38:00,0.0,
Megan P.,Afternoon Walk,Walk,0.26,00:05:16,00:15:55,3.0,
Rafael R.,Afternoon Run,Run,6.6,01:28:48,01:28:48,0.0,
Rafael R.,Night Walk,Walk,0.39,00:09:28,00:10:23,6.2,
Rafael R.,Night Walk,Walk,0.53,00:12:04,00:17:24,3.0,
Jason S.,Evening Walk,Walk,1.81,00:33:22,00:35:26,10.0,
stephanie O.,Afternoon Run,Run,1.35,00:22:06,00:32:34,38.5,
james M.,Afternoon Walk,Walk,1.53,00:35:35,01:03:32,16.2,
Brent M.,I’m just trying to stay in the Top 3,Run,2.5,00:44:51,00:44:51,0.0,
Rafael R.,Evening Walk,Walk,1.63,00:33:53,00:33:53,47.8,
Gabriel C.,Afternoon Walk,Walk,0.26,00:06:41,00:11:22,0.0,
Jason S.,Afternoon Walk,Walk,0.9,00:17:16,00:24:14,0.0,
Jason S.,Afternoon Walk,Walk,0.91,00:17:14,00:24:30,0.0,
JOHANNA R.,Evening Run,Run,2.9,01:00:00,01:00:00,0.0,
james M.,Night Walk,Walk,1.44,00:33:14,00:34:39,0.0,
Tayler M.,Morning Walk,Walk,0.49,00:06:41,00:07:25,0.0,
Tayler M.,Morning Walk,Walk,0.71,00:10:47,00:16:25,0.0,
Coffee Papi ☕.,Tempo 4 Miler,Run,4.0,00:32:54,00:32:54,8.4,
Coffee Papi ☕.,Tempo Warmup 2 miles,Run,2.0,00:19:41,00:20:03,3.9,
stephanie O.,Morning Walk,Walk,0.53,00:09:27,00:09:27,11.1,
Rafael R.,Ollie’s Morning Walk,Walk,0.38,00:11:11,00:14:03,2.0,
Cindy C.,Morning Walk,Walk,0.47,00:07:08,00:07:27,3.4,
JOHANNA R.,Morning Walk,Walk,0.55,00:19:18,00:19:18,0.0,
Megan P.,Lunch Walk,Walk,1.02,00:21:03,00:30:54,33.4,
Brent M.,I’m tired,Run,3.56,00:42:09,00:42:09,0.0,
Jason S.,Morning Walk,Walk,0.76,00:13:59,00:23:16,2.6,
Megan P.,Lunch Walk,Walk,1.66,00:33:41,01:08:19,211.4,
stephanie O.,Morning Run,Run,5.08,00:46:49,00:55:39,55.2,
Megan P.,Morning Walk,Walk,1.83,00:37:38,00:47:37,71.8,
Rachel T.,Night Walk,Walk,0.09,00:02:27,00:08:29,9.4,
Kayley D.,The lunch walk I forgot to log til I was almost back :(,Walk,0.36,00:05:51,00:06:43,0.0,
Tayler M.,Nike Run Club: Thursday Evening Run,Run,2.03,00:18:56,00:18:59,17.0,
Megan P.,Afternoon Walk,Walk,0.18,00:04:08,00:04:08,2.2,
Tayler M.,Evening Walk,Walk,0.89,00:12:18,00:17:01,5.3,
Megan P.,Afternoon Walk,Walk,1.24,00:25:43,00:43:12,59.8,
Megan P.,Afternoon Walk,Walk,0.56,00:09:56,00:10:37,4.0,
Brent M.,Picking up my Prescription Glasses (Hard),Walk,2.39,00:26:44,00:27:53,5.8,
Megan P.,Afternoon Walk,Walk,0.55,00:12:37,00:14:55,30.2,
Jason S.,Lunch Walk,Walk,1.39,00:26:28,00:30:17,7.5,
Allison D.,Afternoon walk,Walk,1.37,00:28:02,00:30:09,11.4,
Cindy C.,Afternoon Walk,Walk,2.22,00:36:45,00:41:41,4.0,
james M.,Afternoon Walk,Walk,0.81,00:18:33,00:19:03,6.1,
james M.,Afternoon Run,Run,3.83,00:34:04,00:36:57,10.5,
Megan P.,Night Walk,Walk,0.35,00:07:56,00:23:41,3.2,
Megan P.,Night Walk,Walk,0.47,00:11:49,00:15:50,57.0,
Megan P.,Evening Walk,Walk,0.28,00:07:51,00:10:54,7.0,
james M.,Afternoon Walk,Walk,0.5,00:09:26,00:11:00,2.0,
Gabriel C.,Afternoon Walk,Walk,0.09,00:02:56,00:02:56,0.0,
Megan P.,Evening Walk,Walk,0.31,00:06:33,00:09:04,16.6,
Gabriel C.,Afternoon Walk,Walk,0.11,00:05:47,00:05:47,0.0,
Gabriel C.,Afternoon Run,Run,1.22,00:14:52,00:14:52,0.0,
Gabriel C.,Afternoon Walk,Walk,0.08,00:02:39,00:02:39,0.0,
Megan P.,Evening Walk,Walk,0.33,00:08:29,00:28:28,19.8,
Gabriel C.,Lunch Walk,Walk,0.14,00:06:03,00:06:03,0.0,
Gabriel C.,Afternoon Walk,Walk,0.2,00:10:32,00:10:32,0.0,
Coffee Papi ☕.,4 Mile Recovery Run,Run,4.0,00:43:04,00:44:19,11.3,
JOHANNA R.,Morning Walk,Walk,0.49,00:22:22,00:22:22,0.0,
JOHANNA R.,Morning Walk,Walk,0.57,00:14:45,00:24:15,0.0,
JOHANNA R.,Afternoon Walk,Walk,0.32,16:24:57,16:24:57,0.0,
JOHANNA R.,Lunch Walk,Walk,0.24,00:12:34,00:12:34,0.0,
Corey C.,walk from urgent care to fresh,Walk,1.52,00:29:07,00:29:48,7.3,
Jason S.,Morning Walk,Walk,0.31,00:06:19,00:06:19,0.0,
Coffee Papi ☕.,Afternoon Walk,Walk,1.16,00:24:04,00:25:45,0.0,
Brent M.,Recovery Walk (from seeing grocery prices),Run,2.25,00:38:36,00:38:36,0.0,
james M.,Lunch Walk,Walk,1.33,00:28:23,00:30:04,10.2,
james M.,Lunch Run,Run,3.32,00:26:54,00:29:03,6.8,
Coffee Papi ☕.,Afternoon Walk,Walk,1.23,00:26:39,00:27:30,0.0,
Jason S.,Morning Walk,Walk,0.4,00:07:29,00:20:24,6.6,
Corey C.,warm up for sunday,Run,3.27,00:32:04,00:36:39,60.0,
Allison D.,Afternoon Walk,Walk,1.32,00:25:55,00:27:41,11.6,
Rafael R.,Evening Walk,Walk,0.23,00:05:13,00:05:40,4.0,
Rafael R.,Evening Walk,Walk,0.36,00:06:53,00:07:18,6.2,
Megan P.,Afternoon Walk,Walk,0.72,00:14:24,00:38:34,0.0,
Rafael R.,Night Walk,Walk,0.44,00:10:12,00:11:33,6.4,
Jason S.,Evening Walk,Walk,0.72,00:17:30,00:21:09,0.0,
Rafael R.,Night Walk,Walk,0.31,00:07:01,00:09:20,11.4,
Jason S.,Evening Walk,Walk,0.36,00:09:02,00:13:46,2.4,
Jason S.,Evening Walk,Walk,2.08,00:49:02,00:58:48,25.6,
Rafael R.,Night Walk,Walk,1.09,00:22:36,00:27:51,24.8,
Jason S.,Afternoon Walk,Walk,0.52,00:08:47,00:11:27,0.0,
james M.,Afternoon Walk,Walk,1.45,00:37:25,00:39:10,8.8,
steph W.,Evening Walk,Walk,1.34,00:25:38,00:27:22,21.9,
Rafael R.,Evening Run,Run,8.05,01:44:25,01:44:25,0.0,
Jason S.,Morning Walk,Walk,0.07,00:01:57,00:01:57,0.0,
Jason S.,Night Walk,Walk,1.04,00:21:52,00:26:12,2.0,
Tayler M.,Morning Walk,Walk,1.0,00:15:06,01:19:27,0.0,
Tayler M.,Afternoon Walk,Walk,1.14,00:22:32,01:08:13,2.6,
Megan P.,Lunch Walk,Walk,0.3,00:05:50,00:05:50,9.2,
Rafael R.,Lunch Run,Run,1.53,00:17:21,00:18:04,4.2,
Tayler M.,Afternoon Walk,Walk,0.85,00:15:13,00:16:15,0.0,
Coffee Papi ☕.,13 hilly ones w/ Run Ultra,Run,13.02,01:57:59,02:39:06,310.0,
Jason S.,Night Walk,Walk,0.36,00:07:42,00:08:35,0.0,
Allison D.,Afternoon Walk,Walk,0.59,00:12:37,00:17:02,4.9,
james M.,Lunch Walk,Walk,0.65,00:12:26,00:13:09,4.6,
Cindy C.,Afternoon Walk,Walk,0.5,00:13:57,00:16:11,9.8,
JOHANNA R.,Afternoon Walk,Walk,0.47,00:22:45,00:22:45,0.0,
james M.,Morning Run,Run,4.01,00:30:25,00:33:33,12.0,
Brent M.,Powerwalking cause I’m exhausted,Run,3.25,00:44:44,00:44:44,0.0,
Megan P.,Lunch Walk,Walk,0.82,00:18:20,00:20:17,44.4,
james M.,Afternoon Walk,Walk,1.47,00:30:37,00:35:53,5.0,
Rafael R.,Afternoon Walk,Walk,0.77,00:26:18,00:49:09,3.2,
Megan P.,Afternoon Walk,Walk,0.64,00:16:11,00:30:41,41.0,
james M.,Afternoon Walk,Walk,0.39,00:08:01,00:08:01,0.0,
Jason S.,Afternoon Walk,Walk,0.27,00:07:49,00:11:50,0.0,
Mike Z.,Afternoon Run,Run,4.0,00:40:01,00:40:26,12.0,
Jason S.,Afternoon Walk,Walk,0.53,00:11:05,00:49:36,4.0,
steph W.,Afternoon Walk,Walk,0.99,00:17:07,00:56:11,7.8,
james M.,Evening Walk,Walk,0.26,00:05:33,00:14:33,0.0,
Jason S.,Afternoon Walk,Walk,0.73,00:14:49,00:35:27,2.8,
Jason S.,Afternoon Walk,Walk,0.46,00:10:43,00:32:32,4.0,
james M.,Afternoon Walk,Walk,0.7,00:18:59,00:21:36,2.4,
JOHANNA R.,Evening Walk,Walk,5.9,02:20:00,02:20:00,0.0,
Rachel T.,Lunch Walk,Walk,3.53,01:28:24,03:43:14,72.4,
Rachel T.,Evening Walk,Walk,0.24,00:05:58,00:08:31,4.8,
Rafael R.,Night Walk,Walk,0.26,00:06:04,00:06:04,0.0,
Rafael R.,Midnight 10k,Run,7.01,01:20:00,01:21:15,25.4,
Jason S.,Evening Walk,Walk,0.61,00:13:32,00:35:16,19.6,
james M.,Evening Walk,Walk,1.18,00:28:39,01:03:55,11.4,
james M.,Evening Walk,Walk,0.24,00:06:22,00:06:22,0.0,
james M.,Evening Walk,Walk,0.22,00:06:38,00:07:23,0.0,
Jason S.,Night Walk,Walk,0.89,00:19:47,00:24:00,10.6,
JOHANNA R.,Morning Walk,Walk,0.29,00:06:53,00:06:53,0.0,
Tayler M.,Lunch Walk,Walk,2.84,00:57:25,01:09:06,21.9,
JOHANNA R.,Morning Walk,Walk,0.45,00:24:06,00:24:06,0.0,
Corey C.,Morning Walk,Walk,0.04,00:00:29,00:00:29,0.0,
Megan P.,Morning Walk,Walk,0.78,00:16:04,00:16:04,18.4,
Megan P.,Lunch Walk,Walk,1.75,00:37:10,00:59:47,60.2,
Coffee Papi ☕.,Lunch Walk,Walk,2.33,00:48:06,00:49:31,26.1,
Kayley D.,Coffee walk ☀️,Walk,1.59,00:31:35,00:33:47,5.3,
Corey C.,sunday funday,Run,4.78,00:40:53,00:53:48,23.7,
Brent M.,Farmers Market (I didn’t buy anything),Run,0.54,00:26:58,00:26:58,0.0,
Coffee Papi ☕.,Recovery Run,Run,4.01,00:43:33,00:45:27,11.1,
Tayler M.,Nike Run Club: Sunday Evening Run,Run,5.2,00:49:09,00:49:14,55.0,
Jason S.,Morning Walk,Walk,0.86,00:18:50,00:39:22,4.8,
Cindy C.,Afternoon Walk,Walk,1.88,00:42:22,01:01:00,41.8,
Rafael R.,Evening Walk,Walk,0.61,00:21:18,00:29:24,0.0,
Megan P.,Afternoon Walk,Walk,0.65,00:11:58,00:32:10,3.6,
james M.,walk,Walk,0.41,00:10:18,00:10:42,0.0,
Allison D.,Afternoon Walk,Walk,2.15,00:47:01,00:53:43,29.0,
Rafael R.,Night Walk,Walk,1.02,00:20:59,00:26:22,5.6,
Rafael R.,Evening Run,Run,1.0,00:16:19,00:16:19,0.0,
JOHANNA R.,Evening Walk,Walk,0.45,00:27:47,00:27:47,0.0,
JOHANNA R.,Evening Walk,Walk,0.43,00:10:46,00:11:26,22.1,
Gabriel C.,Afternoon Walk,Walk,0.19,00:05:58,00:05:58,0.0,
Rafael R.,Evening Run,Run,4.72,00:57:33,00:57:33,0.0,
Rafael R.,Evening Walk,Walk,0.31,00:05:41,00:10:38,2.0,
Gabriel C.,Lunch Walk,Walk,1.01,00:29:40,00:29:40,0.0,
Gabriel C.,Afternoon Walk,Walk,0.54,00:15:25,00:15:25,0.0,
Gabriel C.,Morning Walk,Walk,0.11,00:02:23,00:02:23,0.0,
Gabriel C.,Morning Walk,Walk,0.17,00:08:28,00:08:28,0.0,
Gabriel C.,Evening Walk,Walk,0.07,00:07:02,00:07:02,0.0,
james M.,Night Walk,Walk,0.68,00:18:39,00:19:08,7.1,
Jason S.,Evening Walk,Walk,3.08,01:03:53,01:15:19,14.8,
Gabriel C.,Evening Walk,Walk,0.84,00:06:44,00:06:44,0.0,
Tayler M.,Morning Walk,Walk,1.35,00:23:18,01:43:10,3.1,
Cindy C.,Morning Dog Walk,Walk,0.29,00:11:15,00:20:46,2.4,
Megan P.,Morning Walk,Walk,0.3,00:06:33,00:20:24,0.0,
JOHANNA R.,Morning Walk,Walk,0.53,00:31:50,00:31:50,0.0,
Megan P.,Morning Walk,Walk,0.52,00:10:59,00:24:37,11.8,
james M.,walking warped tour,Walk,6.3,08:10:26,08:10:26,0.0,
james M.,walking warped tour,Walk,4.7,02:52:08,02:52:08,0.0,
Jason S.,Lunch Walk,Walk,0.87,00:16:46,00:17:39,0.0,
Allison D.,Lunch walk,Walk,1.99,00:26:57,00:32:54,33.7,
Jason S.,Morning Walk,Walk,1.02,00:21:23,00:25:41,9.8,
Brent M.,Morning Suffering,Run,3.5,00:55:00,00:55:00,0.0,
Vlada S.,7/16-7/19,Walk,5.2,02:00:00,02:00:00,0.0,
Vlada S.,7/20-7/26,Walk,18.2,03:00:00,03:00:00,0.0,
Corey C.,Afternoon Walk,Walk,0.0,00:12:59,00:12:59,0.0,
Jason S.,Afternoon Walk,Walk,0.85,00:16:45,00:23:10,13.2,
Megan P.,Evening Walk,Walk,0.56,00:13:00,00:28:32,69.6,
JOHANNA R.,Afternoon Walk,Walk,1.2,00:45:00,00:45:00,0.0,
Corey C.,Afternoon Run,Run,4.27,00:42:47,00:42:56,41.0,
Cindy C.,Afternoon Walk,Walk,1.62,00:20:12,00:21:06,22.8,
Tayler M.,Evening Walk,Walk,1.27,00:24:10,02:12:25,3.4,
Allison D.,Evening Walk,Walk,0.91,00:20:06,00:22:19,2.9,
Vlada S.,7/27,Walk,2.2,00:40:00,00:40:00,0.0,
Tayler M.,Morning Walk,Walk,0.6,00:09:59,00:09:59,0.0,
Tayler M.,Nike Run Club: Tuesday Morning Run,Run,1.63,00:15:55,00:17:05,12.0,
Coffee Papi ☕.,8 x 800s (7:05-7:15) 400m jog in between,Run,4.0,00:28:24,00:44:52,0.0,
Coffee Papi ☕.,Tempo Warmup,Run,1.0,00:09:49,00:09:49,0.0,
Megan P.,Morning Walk,Walk,0.38,00:08:35,00:15:29,11.8,
JOHANNA R.,Morning Walk,Walk,0.57,00:12:44,00:24:31,0.0,
Allison D.,Morning Walk,Walk,2.29,00:37:17,00:37:17,24.0,
Gabriel C.,Morning Walk,Walk,0.08,00:08:06,00:08:06,0.0,
Jason S.,Morning Walk,Walk,0.74,00:15:09,00:53:06,7.4,
Gabriel C.,Evening Walk,Walk,0.33,00:09:40,00:09:40,0.0,
Gabriel C.,Evening Walk,Walk,0.31,00:10:35,00:10:35,0.0,
Gabriel C.,Afternoon Walk,Walk,0.11,00:01:37,00:01:37,0.0,
Gabriel C.,Afternoon Walk,Walk,0.04,00:11:15,00:11:15,0.0,
Gabriel C.,Afternoon Walk,Walk,0.13,00:12:57,00:12:57,0.0,
Gabriel C.,Lunch Walk,Walk,0.69,00:24:05,00:24:05,0.0,
Corey C.,mid day walk,Walk,1.01,00:19:55,00:20:15,16.6,
james M.,Lunch Walk,Walk,0.62,00:15:02,00:15:55,4.1,
james M.,Lunch Run,Run,4.01,00:34:29,00:39:43,12.3,
Brent M.,Mid-Morning Existential Crisis,Run,3.5,00:52:28,00:52:28,0.0,
Anna W.,Walk to dinner,Walk,1.08,00:16:20,00:17:29,5.8,
Tayler M.,Night Walk,Walk,0.62,00:08:49,00:08:49,0.0,
Rafael R.,Evening Walk,Walk,0.5,00:10:59,00:12:40,7.6,
Rafael R.,Evening Walk,Walk,0.13,00:02:52,00:06:43,0.0,
Gabriel C.,Afternoon Walk,Walk,1.22,00:20:50,00:20:50,0.0,
Megan P.,Evening Walk,Walk,0.6,00:12:32,00:30:23,72.0,
Anna W.,Evening Walk,Walk,1.17,00:18:15,00:18:15,8.2,
Brent M.,Walking to cancel out getting ice cream,Run,1.15,00:22:34,00:22:34,0.0,
Rafael R.,Night Walk,Walk,0.36,00:08:20,00:09:16,5.0,
Rafael R.,Night Walk,Walk,0.38,00:08:08,00:10:57,0.0,
james M.,Dog Walk,Walk,1.53,00:36:32,00:36:32,6.5,
Jason S.,Evening Walk,Walk,0.79,00:17:09,00:23:12,16.8,
Gabriel C.,Evening Walk,Walk,0.23,00:18:32,00:18:32,0.0,
Megan P.,Night Walk,Walk,0.63,00:15:11,00:30:21,83.8,
Rafael R.,Night Run,Run,9.01,01:57:11,01:57:11,0.0,
Jason S.,Afternoon Walk,Walk,0.93,00:17:16,00:25:08,0.0,
Gabriel C.,Evening Walk,Walk,0.03,00:03:41,00:03:41,0.0,
Tayler M.,Morning Walk,Walk,0.79,00:13:03,01:45:35,0.0,
Megan P.,Morning Walk,Walk,0.3,00:05:41,00:25:37,4.2,
Anna W.,Morning Walk,Walk,0.29,00:03:39,00:04:35,4.1,
JOHANNA R.,Morning Walk,Walk,7.82,00:37:26,02:14:41,13.0,
Tayler M.,Morning Walk,Walk,0.99,00:20:40,00:20:40,0.0,
Gabriel C.,Lunch Walk,Walk,0.51,00:11:24,00:12:29,8.9,
Anna W.,Afternoon Walk,Walk,0.47,00:08:08,00:08:08,0.0,
Brent M.,Running from the cops (Medium difficulty: Sheriffs),Run,3.51,01:01:47,01:01:47,0.0,
Kayley D.,Beach walk 💙,Walk,1.15,00:28:05,00:28:05,0.0,
Megan P.,Afternoon Walk,Walk,0.84,00:18:27,00:39:16,21.0,
Gabriel C.,Lunch Walk,Walk,1.1,00:25:24,03:04:19,0.0,
Rafael R.,Evening Walk,Walk,0.26,00:06:12,00:13:22,0.0,
Vlada S.,7/28-7/29,Walk,4.9,01:40:00,01:40:00,0.0,
james M.,Afternoon Walk,Walk,0.67,00:16:00,00:16:00,4.7,
james M.,Afternoon Run,Run,4.0,00:36:28,00:40:03,12.0,
Gabriel C.,Night Walk,Walk,0.03,00:15:59,00:15:59,0.0,
Anna W.,Walk to soul,Walk,0.52,00:09:07,00:09:07,11.5,
Coffee Papi ☕.,5 @ 8:05-8:15,Run,5.0,00:41:01,00:43:01,7.7,
Coffee Papi ☕.,Morning Run,Run,2.0,00:18:31,00:18:50,3.6,
Cindy C.,Morning Walk,Walk,0.57,00:08:09,00:08:27,3.1,
Anna W.,Morning Walk,Walk,0.76,00:10:08,00:10:32,0.0,
Rafael R.,Morning Walk,Walk,0.89,00:23:09,00:50:01,38.8,
JOHANNA R.,Evening Walk,Walk,0.66,00:27:51,00:27:51,0.0,
JOHANNA R.,Afternoon Walk,Walk,0.41,00:25:53,00:25:53,0.0,
JOHANNA R.,Morning Walk,Walk,0.44,00:26:08,00:26:08,0.0,
Corey C.,walking around chinatown,Walk,3.0,01:37:00,01:37:00,0.0,
Corey C.,bunt,Walk,2.7,02:00:00,02:00:00,0.0,
Corey C.,walk on treadmill,Walk,2.0,00:40:00,00:40:00,0.0,
JOHANNA R.,Afternoon Walk,Walk,0.37,00:30:00,00:30:00,0.0,
JOHANNA R.,Afternoon Walk,Walk,0.38,00:30:00,00:30:00,0.0,
JOHANNA R.,Afternoon Walk,Walk,0.77,00:30:28,00:30:28,0.0,
Brent M.,Chasing after my dreams (ice cream),Run,5.3,01:04:46,01:04:46,0.0,
Corey C.,walking around chinatown,Walk,6.0,03:37:00,03:37:00,0.0,
Kayley D.,Touch grass walk,Walk,1.17,00:22:36,00:22:36,0.0,
Anna W.,Afternoon Walk,Walk,0.86,00:15:07,00:17:03,0.0,
Gabriel C.,Afternoon Walk,Walk,0.14,00:04:48,00:04:48,0.0,
JOHANNA R.,Afternoon Walk,Walk,0.42,00:23:50,00:23:50,0.0,
Allison D.,Evening walk,Walk,1.29,00:25:48,00:29:49,11.6,
Cindy C.,Afternoon Walk,Walk,0.7,00:11:27,00:16:24,0.0,
Megan P.,Afternoon Walk,Walk,0.26,00:06:33,00:16:53,11.8,
Megan P.,Evening Walk,Walk,0.42,00:10:26,00:36:14,51.4,
james M.,Afternoon Run,Run,4.64,00:41:58,00:44:48,16.9,
james M.,Night Walk,Walk,1.57,00:34:47,00:39:50,0.0,
Megan P.,Night Walk,Walk,0.7,00:15:00,00:15:00,0.0,
Gabriel C.,Afternoon Walk,Walk,0.22,00:10:14,00:10:14,0.0,
Gabriel C.,Afternoon Walk,Walk,0.12,00:06:23,00:06:23,0.0,
Gabriel C.,Lunch Walk,Walk,0.61,00:23:02,00:23:02,0.0,
Tayler M.,Afternoon Walk,Walk,0.75,00:15:00,00:15:00,0.0,
Rafael R.,VIX 10k,Run,6.45,01:09:26,01:45:02,47.2,
Rafael R.,Morning Walk,Walk,0.07,00:02:04,00:02:29,0.0,
Tayler M.,Afternoon Walk,Walk,0.93,00:14:19,01:16:17,0.0,
Allison D.,Morning Walk,Walk,1.93,00:31:56,00:31:56,20.0,
JOHANNA R.,Morning Walk,Walk,0.41,00:25:50,00:25:50,0.0,
Corey C.,treadmill walk,Run,2.0,00:40:00,00:40:00,0.0,
Brent M.,The Hardest 5 miles of my life,Run,5.2,01:02:52,01:02:52,0.0,
Anna W.,Touch down in CHI town,Walk,2.36,00:42:52,00:43:41,10.2,
JOHANNA R.,Morning Walk,Walk,1.0,03:16:41,03:16:41,0.0,
james M.,Downtown Walk Return,Walk,1.57,00:34:47,00:39:50,0.0,
james M.,Downtown Walk Heading Out,Walk,1.6,00:35:10,00:35:10,0.0,
JOHANNA R.,Afternoon Walk,Walk,0.28,00:21:40,00:21:40,0.0,
JOHANNA R.,Afternoon Walk,Walk,0.45,00:22:53,00:22:53,0.0,
Megan P.,Afternoon Walk,Walk,1.34,00:28:14,00:29:49,57.2,
Jason S.,Afternoon Walk,Walk,0.4,00:09:06,00:16:38,2.4,
Megan P.,Evening Walk,Walk,0.94,00:18:17,00:26:14,14.8,
Megan P.,Afternoon Walk,Walk,0.74,00:14:27,00:19:50,28.4,
Anna W.,Afternoon Walk,Walk,0.39,00:07:40,00:07:40,0.0,
Anna W.,Afternoon Walk,Walk,0.65,00:09:49,00:10:07,2.3,
Kayley D.,Errands walk,Walk,0.91,00:16:35,00:21:42,17.9,
Gabriel C.,Lunch Walk,Walk,0.14,00:04:20,00:04:20,0.0,
Gabriel C.,Lunch Walk,Walk,0.11,00:06:07,00:06:07,0.0,
Gabriel C.,Morning Walk,Walk,0.11,00:10:16,00:10:16,0.0,
Gabriel C.,Morning Walk,Walk,0.19,00:08:40,00:08:40,0.0,
james M.,Evening Walk,Walk,1.52,00:38:55,00:41:40,6.5,
james M.,Evening Run,Run,3.0,00:28:32,00:28:32,15.0,
steph W.,Night Walk,Walk,0.53,00:07:54,00:22:19,3.7,
james M.,Afternoon Walk,Walk,0.93,00:19:42,00:19:42,0.0,
Corey C.,ER,Run,3.13,00:31:21,00:33:13,59.1,
Coffee Papi ☕.,9 M,Run,9.11,01:20:42,01:29:09,18.9,
Megan P.,Night Walk,Walk,0.8,00:19:09,00:22:04,90.6,
stephanie O.,Night Run,Run,1.14,00:08:09,00:15:55,0.0,
Tayler M.,Nike Run Club: Saturday Morning Run,Run,3.14,00:29:37,00:29:37,26.0,
Anna W.,Morning Walk,Walk,0.42,00:08:06,00:09:59,0.0,
stephanie O.,Morning Run,Run,3.26,00:59:39,01:11:24,93.3,
Megan P.,Lunch Walk,Walk,1.26,00:27:31,00:37:15,53.8,
Anna W.,walk on magnificent mile,Walk,2.29,00:38:18,01:48:45,2.9,
Megan P.,Lunch Walk,Walk,0.6,00:13:35,00:14:42,19.6,
Rafael R.,Beach Run,Run,5.06,00:56:23,01:00:16,23.2,
Anna W.,Lunch Walk,Walk,0.63,00:11:44,00:12:19,6.0,
Tayler M.,Evening Walk,Walk,1.01,00:16:33,00:18:25,0.0,
Rachel T.,Morning Walk,Walk,1.46,00:28:33,01:09:32,12.8,
Brent M.,Morning Walk,Run,0.73,00:53:19,00:53:19,0.0,
Manasa V.,Afternoon Walk,Walk,1.07,00:26:28,00:35:28,6.8,
james M.,Lunch Walk,Walk,0.84,00:18:19,00:18:19,4.0,
Brent M.,Lunch Run,Run,1.54,00:25:55,00:25:55,0.0,
Anna W.,Afternoon Walk,Walk,3.55,00:42:42,00:48:58,14.0,
Vlada S.,Walk,Walk,2.6,01:00:00,01:00:00,0.0,
Anna W.,Afternoon Walk,Walk,0.61,00:10:58,00:10:58,0.0,
Gabriel C.,Afternoon Walk,Walk,0.17,00:10:44,00:10:44,0.0,
Anna W.,Evening Walk,Walk,0.89,00:17:45,00:19:07,0.0,
Gabriel C.,Afternoon Walk,Walk,0.13,00:10:37,00:10:37,0.0,
Mike Z.,2.5k @ race pace + long warmup/down,Run,3.5,00:34:15,00:34:19,2.7,
Rafael R.,Afternoon Walk,Walk,0.09,00:03:05,00:20:27,0.0,
Gabriel C.,Lunch Walk,Walk,0.29,00:18:10,00:18:10,0.0,
Rafael R.,Afternoon Walk,Walk,6.05,02:34:43,06:48:37,6.8,
Rafael R.,Night Walk,Walk,1.38,00:43:08,01:11:09,3.8,
Tayler M.,Morning Walk,Walk,0.93,00:14:01,01:28:29,0.0,
Tayler M.,Lunch Walk,Walk,1.26,00:19:33,02:21:42,3.5,
Manasa V.,Lunch Walk,Walk,0.54,00:12:56,00:28:59,0.0,
Anna W.,Morning Walk,Walk,0.92,00:18:18,00:24:13,5.5,
Coffee Papi ☕.,Beach Run,Run,4.27,00:42:53,00:50:33,0.0,
Corey C.,HALF ON IT,Run,14.0,02:24:40,03:52:58,247.1,
Megan P.,Afternoon Walk,Walk,0.81,00:18:18,00:25:27,43.8,
james M.,Lunch Walk,Walk,1.05,00:22:52,00:23:15,4.0,
Megan P.,Afternoon Walk,Walk,0.67,00:15:26,00:18:27,51.6,
Anna W.,Lunch Walk,Walk,3.37,01:04:35,01:18:18,11.4,
Megan P.,Lunch Walk,Walk,0.85,00:17:03,00:31:45,39.2,
Rafael R.,Lunch Run / Walk,Run,5.16,01:03:50,01:07:37,50.2,
Megan P.,Afternoon Walk,Walk,0.56,00:12:20,00:29:10,45.6,
Anna W.,Afternoon Walk,Walk,0.53,00:09:50,00:11:13,0.0,
Anna W.,Afternoon Walk,Walk,0.7,00:11:35,00:11:35,2.7,
Kayley D.,Sunday walk,Walk,2.23,00:51:04,00:55:11,19.3,
Cindy C.,Afternoon Walk,Walk,2.8,00:38:41,00:44:40,45.7,
Megan P.,Afternoon Walk,Walk,1.01,00:25:22,01:20:15,110.0,
Rachel T.,Morning Walk,Walk,0.61,00:13:19,01:11:24,14.0,
Vlada S.,Evening Walk,Walk,5.7,02:00:00,02:00:00,0.0,
Vlada S.,Evening Walk,Walk,2.2,00:42:00,00:42:00,0.0,
Rachel T.,Evening Walk,Walk,0.36,00:09:02,00:10:17,5.8,
Vlada S.,Evening Walk,Walk,4.0,01:30:00,01:30:00,0.0,
Rafael R.,Afternoon Walk,Walk,0.14,00:04:15,00:14:39,4.8,
JOHANNA R.,Night Walk,Walk,0.34,00:23:49,00:23:49,0.0,
Rafael R.,Evening Walk,Walk,3.52,01:24:26,01:29:05,4.2,
Tayler M.,Morning Walk,Walk,1.04,00:16:59,01:29:23,0.0,
Megan P.,Morning Walk,Walk,0.48,00:09:52,00:24:20,6.6,
Megan P.,Morning Walk,Walk,0.4,00:08:28,00:24:54,6.8,
Gabriel C.,Evening Walk,Walk,0.11,00:06:20,00:06:20,0.0,
Gabriel C.,Evening Walk,Walk,0.09,00:03:37,00:03:37,0.0,
Gabriel C.,Evening Walk,Walk,0.08,00:02:37,00:02:37,0.0,
Gabriel C.,Lunch Walk,Walk,0.73,00:30:46,00:30:46,0.0,
Rafael R.,Lunch Run / Walk,Run,6.22,01:35:36,01:55:32,24.2,
Megan P.,Afternoon Walk,Walk,0.38,00:08:12,00:10:07,14.2,
Brent M.,Running off that dinner I had last night,Run,4.26,00:59:21,00:59:21,0.0,
Rafael R.,Evening Walk,Walk,1.63,00:31:33,00:33:10,5.4,
Allison D.,Afternoon Walk,Walk,1.28,00:26:59,00:29:45,11.9,
Vlada S.,Night Walk,Walk,5.9,02:00:00,02:00:00,0.0,
